City_ID,City,Country,Date,Lat,Lng,Max Temp,Humidity,Cloudiness,Wind Speed
0,Mackay,AU,2021-10-08 17:13:19,-21.15,149.2,70.05,76,8,4.7
1,Geraldton,AU,2021-10-08 17:13:20,-28.7667,114.6,52.21,76,0,10.36
2,Castro,BR,2021-10-08 17:13:20,-24.7911,-50.0119,72.12,64,80,2.93
3,Santa Fe,AR,2021-10-08 17:09:15,-31.6333,-60.7,78.26,23,33,10.31
4,Shiraz,IR,2021-10-08 17:13:21,29.6036,52.5388,74.39,17,0,5.48
5,Chokurdakh,RU,2021-10-08 17:13:21,70.6333,147.9167,4.91,94,65,6.6
6,Singaraja,ID,2021-10-08 17:13:22,-8.112,115.0882,77.97,81,66,8.41
7,Qaanaaq,GL,2021-10-08 17:13:22,77.484,-69.3632,23.83,71,95,6.55
8,Hithadhoo,MV,2021-10-08 17:13:22,-0.6,73.0833,83.21,70,85,9.51
9,Aykhal,RU,2021-10-08 17:13:23,66.0,111.5,30.76,90,98,21.3
10,Barrow,US,2021-10-08 17:13:23,71.2906,-156.7887,30.22,86,90,17.27
11,Mahebourg,MU,2021-10-08 17:13:24,-20.4081,57.7,69.26,76,8,10.58
12,Saskylakh,RU,2021-10-08 17:13:24,71.9167,114.0833,19.63,96,100,6.93
13,Ushuaia,AR,2021-10-08 17:13:24,-54.8,-68.3,46.02,75,40,19.57
14,Busselton,AU,2021-10-08 17:13:25,-33.65,115.3333,50.04,84,39,9.51
15,Nanakuli,US,2021-10-08 17:13:25,21.3906,-158.1547,78.75,64,1,5.75
16,Rikitea,PF,2021-10-08 17:13:26,-23.1203,-134.9692,73.76,75,76,7.63
17,Thompson,CA,2021-10-08 17:13:26,55.7435,-97.8558,46.94,48,99,2.68
18,Avarua,CK,2021-10-08 17:08:35,-21.2078,-159.775,64.45,100,79,2.3
19,Beyneu,KZ,2021-10-08 17:13:27,45.3167,55.2,48.43,23,49,8.84
20,Butaritari,KI,2021-10-08 17:13:28,3.0707,172.7902,83.7,67,63,15.86
21,Anito,PH,2021-10-08 17:13:28,12.4497,125.2886,76.69,91,100,11.7
22,Tuktoyaktuk,CA,2021-10-08 17:13:29,69.4541,-133.0374,26.6,100,90,6.91
23,Atuona,PF,2021-10-08 17:13:29,-9.8,-139.0333,77.9,75,28,16.6
24,Paamiut,GL,2021-10-08 17:13:30,61.994,-49.6678,36.23,54,0,9.17
25,Whitecourt,CA,2021-10-08 17:13:30,54.1502,-115.6855,43.56,40,100,3.24
26,Hobart,AU,2021-10-08 17:10:26,-42.8794,147.3294,57.25,58,40,5.01
27,Mehamn,NO,2021-10-08 17:13:31,71.0357,27.8492,37.58,80,75,2.3
28,Mar Del Plata,AR,2021-10-08 17:10:26,-38.0023,-57.5575,59.02,66,0,5.99
29,Flinders,AU,2021-10-08 17:13:31,-34.5833,150.8552,59.05,83,86,1.01
30,Jamestown,US,2021-10-08 17:08:56,42.097,-79.2353,78.03,65,20,7.0
31,Esperance,AU,2021-10-08 17:13:32,-33.8667,121.9,54.5,74,24,13.44
32,Mataura,NZ,2021-10-08 17:13:33,-46.1927,168.8643,49.48,100,100,2.91
33,Roncesvalles,CO,2021-10-08 17:13:33,4.0108,-75.6049,67.55,57,60,5.64
34,Hilo,US,2021-10-08 17:10:25,19.7297,-155.09,71.33,83,90,6.91
35,Nanortalik,GL,2021-10-08 17:13:34,60.1432,-45.2371,40.46,52,69,5.23
36,Bowen,AU,2021-10-08 17:13:34,-20.0167,148.2333,71.62,77,0,9.64
37,Puerto Ayora,EC,2021-10-08 17:13:35,-0.7393,-90.3518,78.76,88,99,8.99
38,Sinnamary,GF,2021-10-08 17:13:35,5.3833,-52.95,87.84,62,56,12.44
39,Torbay,CA,2021-10-08 17:13:35,47.6666,-52.7314,46.27,86,90,18.41
40,Uvalde,US,2021-10-08 17:13:36,29.3669,-99.767,86.52,38,1,6.91
41,Hami,CN,2021-10-08 17:11:43,42.8,93.45,38.25,45,0,8.25
42,Kapaa,US,2021-10-08 17:13:37,22.0752,-159.319,75.52,75,40,3.0
43,Tasiilaq,GL,2021-10-08 17:13:37,65.6145,-37.6368,35.76,50,81,11.01
44,Hermanus,ZA,2021-10-08 17:13:38,-34.4187,19.2345,63.81,78,87,14.18
45,Maloy,NO,2021-10-08 17:13:38,61.9353,5.1136,59.99,93,100,1.99
46,New Norfolk,AU,2021-10-08 17:13:38,-42.7826,147.0587,56.91,53,11,4.0
47,Pitimbu,BR,2021-10-08 17:13:39,-7.4706,-34.8086,86.59,67,100,11.12
48,Mana,GF,2021-10-08 17:13:39,5.6592,-53.7767,88.14,62,73,11.77
49,Port Elizabeth,ZA,2021-10-08 17:13:40,-33.918,25.5701,62.1,81,0,14.99
50,Burnie,AU,2021-10-08 17:13:40,-41.0667,145.9167,52.95,86,84,4.07
51,Victoria,HK,2021-10-08 17:13:40,22.2855,114.1577,82.38,93,100,11.99
52,Pangnirtung,CA,2021-10-08 17:13:41,66.1451,-65.7125,36.61,65,3,2.66
53,Chapleau,CA,2021-10-08 17:13:41,47.8405,-83.4034,67.35,62,99,5.17
54,The Pas,CA,2021-10-08 17:13:42,53.8251,-101.2541,52.14,37,100,4.99
55,Diamantina,BR,2021-10-08 17:13:42,-18.2494,-43.6003,73.89,61,83,11.61
56,Khatanga,RU,2021-10-08 17:13:42,71.9667,102.5,23.47,98,100,1.59
57,Aklavik,CA,2021-10-08 17:13:43,68.2191,-135.0107,29.12,83,75,4.0
58,Kodiak,US,2021-10-08 17:13:43,57.79,-152.4072,47.71,61,1,8.05
59,Bengkulu,ID,2021-10-08 17:13:44,-3.8004,102.2655,76.08,89,67,5.88
60,Albany,US,2021-10-08 17:09:54,42.6001,-73.9662,73.94,76,57,3.89
61,Saint George,US,2021-10-08 17:11:01,37.1041,-113.5841,61.39,84,90,4.0
62,Dubbo,AU,2021-10-08 17:13:44,-32.25,148.6167,46.53,81,0,11.5
63,Imbituba,BR,2021-10-08 17:13:45,-28.24,-48.6703,64.29,74,100,11.65
64,Vaini,TO,2021-10-08 17:13:45,-21.2,-175.2,73.56,100,20,2.3
65,Miri,MY,2021-10-08 17:13:46,4.4148,114.0089,79.47,86,93,2.17
66,Clyde River,CA,2021-10-08 17:13:46,70.4692,-68.5914,31.06,76,43,7.18
67,Calvinia,ZA,2021-10-08 17:13:46,-31.4707,19.776,58.12,40,1,9.13
68,Cape Town,ZA,2021-10-08 17:09:16,-33.9258,18.4232,59.11,93,75,11.5
69,Halifax,CA,2021-10-08 17:11:03,44.6453,-63.5724,59.09,46,43,8.01
70,Grindavik,IS,2021-10-08 17:13:47,63.8424,-22.4338,50.47,93,90,25.32
71,Krasnoselkup,RU,2021-10-08 17:13:47,65.7,82.4667,40.75,96,100,15.23
72,Dikson,RU,2021-10-08 17:13:48,73.5069,80.5464,28.09,77,100,23.87
73,Doha,QA,2021-10-08 17:11:07,25.2867,51.5333,91.38,52,0,10.36
74,Vardo,NO,2021-10-08 17:13:49,70.3705,31.1107,35.58,87,75,6.91
75,Jinka,ET,2021-10-08 17:13:49,5.65,36.65,66.67,78,65,2.06
76,Hualmay,PE,2021-10-08 17:13:50,-11.0964,-77.6139,65.66,81,84,9.4
77,Sheridan,US,2021-10-08 17:13:50,44.8333,-106.9173,65.32,39,20,3.0
78,Farap,TM,2021-10-08 17:13:51,39.1704,63.6116,51.8,37,0,6.91
79,Punta Arenas,CL,2021-10-08 17:13:51,-53.15,-70.9167,50.11,40,20,36.82
80,Severo-Yeniseyskiy,RU,2021-10-08 17:13:52,60.3725,93.0408,34.43,97,100,13.4
81,Buenos Aires,AR,2021-10-08 17:10:25,-34.6132,-58.3772,64.92,63,40,12.66
82,Awbari,LY,2021-10-08 17:13:52,26.5921,12.7805,85.59,15,0,11.88
83,Longyearbyen,SJ,2021-10-08 17:13:53,78.2186,15.6401,17.44,79,20,11.5
84,Bondoukou,CI,2021-10-08 17:13:53,8.0333,-2.8,84.22,75,97,2.55
85,Kudahuvadhoo,MV,2021-10-08 17:13:54,2.6708,72.8944,83.93,73,84,14.79
86,San Policarpo,PH,2021-10-08 17:13:54,12.1791,125.5072,77.05,89,100,13.6
87,Bilibino,RU,2021-10-08 17:13:55,68.0546,166.4372,4.73,96,94,2.75
88,Nago,JP,2021-10-08 17:13:55,26.5881,127.9761,80.67,68,58,13.67
89,Saint-Philippe,RE,2021-10-08 17:13:56,-21.3585,55.7679,71.19,80,70,12.86
90,Dwarka,IN,2021-10-08 17:13:56,22.2394,68.9678,83.59,78,5,8.05
91,Hammerfest,NO,2021-10-08 17:13:57,70.6634,23.6821,40.73,75,75,9.22
92,Praia Da Vitoria,PT,2021-10-08 17:13:57,38.7333,-27.0667,69.22,71,34,7.87
93,Anamur,TR,2021-10-08 17:11:06,36.0751,32.8369,71.62,47,0,6.44
94,East London,ZA,2021-10-08 17:13:58,-33.0153,27.9116,66.24,76,0,8.1
95,Ostersund,SE,2021-10-08 17:13:58,63.1792,14.6357,55.85,82,0,5.75
96,Eydhafushi,MV,2021-10-08 17:13:59,5.1033,73.0708,82.96,81,15,16.08
97,Marsabit,KE,2021-10-08 17:13:59,2.3284,37.9899,77.7,38,14,11.81
98,Namibe,AO,2021-10-08 17:14:00,-15.1961,12.1522,67.26,73,68,8.25
99,Bambous Virieux,MU,2021-10-08 17:14:00,-20.3428,57.7575,69.22,75,6,10.83
100,Hwange,ZW,2021-10-08 17:14:01,-18.3693,26.5019,86.58,26,6,4.14
101,Carnarvon,AU,2021-10-08 17:14:01,-24.8667,113.6333,64.47,72,40,23.02
102,Palomares,MX,2021-10-08 17:14:02,17.15,-95.0667,71.31,89,100,12.73
103,Milkovo,RU,2021-10-08 17:14:02,54.7167,158.6167,33.33,71,100,3.67
104,Tateyama,JP,2021-10-08 17:14:03,34.9833,139.8667,75.22,84,1,7.9
105,Plaeng Yao,TH,2021-10-08 17:14:03,13.5847,101.284,84.02,94,95,5.64
106,Upernavik,GL,2021-10-08 17:14:04,72.7868,-56.1549,26.65,51,100,4.38
107,Umm Lajj,SA,2021-10-08 17:14:04,25.0213,37.2685,83.75,64,0,6.76
108,San Luis Potosi,MX,2021-10-08 17:14:05,22.5,-100.5,66.74,45,18,6.08
109,Panguna,PG,2021-10-08 17:14:05,-6.3164,155.4848,68.83,97,99,2.84
110,Morondava,MG,2021-10-08 17:14:05,-20.2833,44.2833,75.63,71,7,11.95
111,Ostrovnoy,RU,2021-10-08 17:14:06,68.0531,39.5131,37.83,89,100,14.7
112,Tucuma,BR,2021-10-08 17:14:06,-0.1833,-50.05,90.64,52,60,10.09
113,Wuda,CN,2021-10-08 17:14:07,39.4994,106.7117,51.19,45,52,27.89
114,Pontianak,ID,2021-10-08 17:14:07,-0.0333,109.3333,76.95,90,40,4.54
115,Necochea,AR,2021-10-08 17:14:08,-38.5473,-58.7368,60.91,47,0,5.01
116,Bantry,IE,2021-10-08 17:14:08,51.6833,-9.45,62.55,97,100,8.88
117,Talnakh,RU,2021-10-08 17:14:09,69.4865,88.3972,27.9,97,100,4.5
118,Broome,US,2021-10-08 17:14:09,42.2506,-75.833,73.06,89,75,3.44
119,Gayny,RU,2021-10-08 17:14:10,60.3071,54.3241,44.6,79,100,10.85
120,Ferrol,ES,2021-10-08 17:14:10,43.4832,-8.2369,70.23,84,7,0.6
121,Colborne,CA,2021-10-08 17:14:11,44.0001,-77.8828,72.57,71,70,6.89
122,Ilabaya,PE,2021-10-08 17:14:11,-17.4208,-70.5133,76.96,37,22,10.13
123,Salekhard,RU,2021-10-08 17:14:12,66.53,66.6019,37.18,70,100,18.43
124,Gamba,GA,2021-10-08 17:14:12,-2.65,10.0,78.21,83,100,9.22
125,Onalaska,US,2021-10-08 17:09:37,43.8844,-91.2351,68.29,91,90,0.0
126,Nikolskoye,RU,2021-10-08 17:14:13,59.7035,30.7861,50.81,67,67,5.44
127,Solnechnyy,RU,2021-10-08 17:10:39,50.7214,136.6319,35.47,52,3,3.2
128,Georgetown,MY,2021-10-08 17:12:53,5.4112,100.3354,81.9,90,20,0.0
129,Moose Factory,CA,2021-10-08 17:14:14,51.2585,-80.6094,69.28,65,40,6.98
130,Cam Ranh,VN,2021-10-08 17:14:14,11.9214,109.1591,80.56,89,40,0.0
131,Lakes Entrance,AU,2021-10-08 17:14:14,-37.8811,147.981,55.58,76,100,9.35
132,Vestmannaeyjar,IS,2021-10-08 17:14:15,63.4427,-20.2734,50.99,93,90,18.41
133,Samarai,PG,2021-10-08 17:14:15,-10.6167,150.6667,79.54,86,99,14.12
134,Bluff,NZ,2021-10-08 17:14:16,-46.6,168.3333,49.8,93,100,6.67
135,Arraial Do Cabo,BR,2021-10-08 17:14:16,-22.9661,-42.0278,73.26,56,75,9.22
136,Khandyga,RU,2021-10-08 17:14:17,62.6667,135.6,29.3,94,100,7.54
137,Chuy,UY,2021-10-08 17:14:17,-33.6971,-53.4616,58.93,50,16,10.36
138,Yellowknife,CA,2021-10-08 17:14:18,62.456,-114.3525,39.29,74,51,3.89
139,Arman,RU,2021-10-08 17:14:19,59.7,150.1667,28.6,64,25,5.97
140,Iqaluit,CA,2021-10-08 17:14:19,63.7506,-68.5145,29.93,100,90,4.0
141,Caronport,CA,2021-10-08 17:14:20,50.4501,-105.8179,54.68,48,40,8.19
142,Veraval,IN,2021-10-08 17:14:20,20.9,70.3667,83.84,79,100,0.22
143,Coahuayana,MX,2021-10-08 17:14:21,18.7333,-103.6833,90.88,63,93,2.44
144,Padang,ID,2021-10-08 17:10:22,-0.9492,100.3543,77.05,87,71,3.15
145,Belle Fourche,US,2021-10-08 17:14:21,44.6714,-103.8522,71.35,53,95,5.91
146,Souillac,MU,2021-10-08 17:14:22,-20.5167,57.5167,69.37,77,20,10.02
147,Hambantota,LK,2021-10-08 17:14:22,6.1241,81.1185,80.53,81,85,15.41
148,Portobelo,PA,2021-10-08 17:14:23,9.55,-79.65,87.75,77,76,3.36
149,Bogale,MM,2021-10-08 17:14:23,16.2833,95.4,77.59,92,27,4.85
150,Arrecife,ES,2021-10-08 17:14:24,28.963,-13.5477,78.78,61,20,17.27
151,Abashiri,JP,2021-10-08 17:14:24,44.0213,144.2697,49.5,77,43,9.01
152,Ribeira Grande,PT,2021-10-08 17:14:24,38.5167,-28.7,73.8,64,40,5.75
153,Lasa,IT,2021-10-08 17:14:25,46.6166,10.7002,57.11,91,66,1.81
154,Kastamonu,TR,2021-10-08 17:14:25,41.5,33.6667,50.72,74,12,3.98
155,Whitehorse,CA,2021-10-08 17:12:48,60.7161,-135.0538,33.03,87,95,13.0
156,Ust-Koksa,RU,2021-10-08 17:14:26,50.2696,85.6108,24.73,92,88,0.31
157,Shira,RU,2021-10-08 17:14:26,54.4911,89.9531,37.24,68,100,7.63
158,Impfondo,CG,2021-10-08 17:14:27,1.6381,18.0667,77.59,85,100,2.93
159,Provideniya,RU,2021-10-08 17:14:27,64.3833,-173.3,33.6,91,100,14.52
160,Vanimo,PG,2021-10-08 17:14:28,-2.6741,141.3028,79.9,89,84,7.49
161,Luderitz,NA,2021-10-08 17:14:28,-26.6481,15.1594,60.8,64,0,13.96
162,Bredasdorp,ZA,2021-10-08 17:14:29,-34.5322,20.0403,63.28,69,91,15.66
163,Orlik,RU,2021-10-08 17:14:29,52.5178,99.825,23.38,73,42,3.22
164,Bathsheba,BB,2021-10-08 17:14:30,13.2167,-59.5167,75.81,100,75,5.75
165,Constitucion,CL,2021-10-08 17:13:40,-35.3333,-72.4167,59.07,58,98,7.27
166,Olafsvik,IS,2021-10-08 17:14:30,64.8945,-23.7142,45.46,94,100,21.39
167,Cayenne,GF,2021-10-08 17:14:31,4.9333,-52.3333,89.64,76,0,8.99
168,Biak,ID,2021-10-08 17:14:32,-0.9131,122.8766,76.35,80,62,6.11
169,Miles City,US,2021-10-08 17:10:40,46.4083,-105.8406,58.51,54,90,10.36
170,Grand Gaube,MU,2021-10-08 17:14:32,-20.0064,57.6608,69.39,74,45,5.99
171,Cidreira,BR,2021-10-08 17:14:33,-30.1811,-50.2056,65.59,66,47,14.83
172,Taoudenni,ML,2021-10-08 17:14:33,22.6783,-3.9836,105.04,6,8,5.88
173,Vostok,RU,2021-10-08 17:14:33,46.4856,135.8833,34.03,75,1,4.72
174,Honningsvag,NO,2021-10-08 17:14:34,70.9821,25.9704,37.15,70,75,6.91
175,Port Lincoln,AU,2021-10-08 17:14:34,-34.7333,135.8667,54.45,82,81,5.84
176,Coos Bay,US,2021-10-08 17:14:35,43.3665,-124.2179,49.23,94,90,8.05
177,Peruibe,BR,2021-10-08 17:13:57,-24.32,-46.9983,69.17,74,92,7.9
178,Shymkent,KZ,2021-10-08 17:14:35,42.3,69.6,48.79,76,40,4.47
179,Hobyo,SO,2021-10-08 17:14:36,5.3505,48.5268,78.35,82,53,23.73
180,Jacksonville,US,2021-10-08 17:13:39,30.3322,-81.6556,85.42,94,75,5.75
181,Beringovskiy,RU,2021-10-08 17:14:36,63.05,179.3167,32.58,99,100,11.21
182,Prince Rupert,CA,2021-10-08 17:11:06,54.3161,-130.3201,46.49,87,90,8.05
183,Luanda,AO,2021-10-08 17:14:37,-8.8368,13.2343,77.0,83,20,11.5
184,Te Anau,NZ,2021-10-08 17:14:37,-45.4167,167.7167,45.0,95,100,1.52
185,Ciudad Real,ES,2021-10-08 17:14:38,39.0,-4.0,80.11,27,7,1.01
186,Fairbanks,US,2021-10-08 17:14:38,64.8378,-147.7164,35.92,90,1,8.05
187,Broken Hill,AU,2021-10-08 17:14:39,-31.95,141.4333,58.5,27,0,4.65
188,Zarubino,RU,2021-10-08 17:14:39,42.63,131.0922,54.39,71,23,2.91
189,Onega,RU,2021-10-08 17:14:40,63.9061,38.1404,41.38,77,100,1.83
190,Bayevo,RU,2021-10-08 17:14:40,53.2833,80.7667,40.95,84,93,10.0
191,Katherine,AU,2021-10-08 17:14:41,-14.4667,132.2667,88.12,51,31,12.66
192,Vychegodskiy,RU,2021-10-08 17:14:41,61.247,46.8984,46.8,83,98,7.47
193,Nipawin,CA,2021-10-08 17:14:42,53.3668,-104.0009,50.04,62,1,9.22
194,Kaeo,NZ,2021-10-08 17:14:42,-35.1,173.7833,48.33,95,90,6.22
195,Campbellsville,US,2021-10-08 17:14:43,37.3434,-85.3419,77.68,53,0,1.99
196,Ponta Do Sol,PT,2021-10-08 17:14:43,32.6667,-17.1,78.01,74,74,2.04
197,Fremont,US,2021-10-08 17:12:57,37.5483,-121.9886,61.93,64,40,5.01
198,Barga,IT,2021-10-08 17:14:44,44.0742,10.4808,62.06,67,56,6.58
199,Tiksi,RU,2021-10-08 17:14:44,71.6872,128.8694,14.67,84,78,12.12
200,Sept-Iles,CA,2021-10-08 17:14:13,50.2001,-66.3821,51.06,58,13,5.99
201,Petropavlovka,RU,2021-10-08 17:14:45,50.6114,105.3196,31.03,81,100,4.79
202,Kruisfontein,ZA,2021-10-08 17:14:45,-34.0033,24.7314,59.88,85,23,11.63
203,Sorland,NO,2021-10-08 17:14:46,67.667,12.6934,49.86,96,100,17.05
204,Xunchang,CN,2021-10-08 17:14:47,28.4543,104.715,64.74,88,100,2.66
205,Pevek,RU,2021-10-08 17:10:42,69.7008,170.3133,21.15,86,85,3.78
206,Korla,CN,2021-10-08 17:14:47,41.7597,86.1469,46.31,31,0,4.27
207,Nantucket,US,2021-10-08 17:14:48,41.2835,-70.0995,72.25,76,1,6.91
208,Agadez,NE,2021-10-08 17:14:48,19.75,10.25,85.6,13,0,6.35
209,Luganville,VU,2021-10-08 17:14:08,-15.5333,167.1667,77.49,86,72,9.8
210,Jiayuguan,CN,2021-10-08 17:14:49,39.8167,98.3,34.63,56,64,10.89
211,Silver City,US,2021-10-08 17:10:47,32.7701,-108.2803,72.68,31,75,7.0
212,San Borja,BO,2021-10-08 17:14:49,-14.8167,-66.85,99.07,32,75,5.97
213,Shepsi,RU,2021-10-08 17:14:50,44.0361,39.1489,59.54,69,96,8.55
214,Qaqortoq,GL,2021-10-08 17:14:50,60.7167,-46.0333,48.7,43,83,4.5
215,Fortuna,US,2021-10-08 17:14:51,40.5982,-124.1573,57.36,73,57,1.25
216,Boralday,KZ,2021-10-08 17:14:51,43.3578,76.8594,35.46,80,40,6.71
217,Cascais,PT,2021-10-08 17:14:51,38.6979,-9.4215,81.75,60,0,19.57
218,Aragats,AM,2021-10-08 17:14:30,40.4889,44.3528,40.57,87,12,3.06
219,Klaksvik,FO,2021-10-08 17:14:52,62.2266,-6.589,52.72,95,22,17.38
220,Marshall,US,2021-10-08 17:13:25,34.3834,-86.3333,81.39,69,40,4.61
221,Raudeberg,NO,2021-10-08 17:14:53,61.9875,5.1352,58.19,93,100,1.99
222,Kaseda,JP,2021-10-08 17:14:54,31.4167,130.3167,74.77,75,5,13.87
223,Port Augusta,AU,2021-10-08 17:14:54,-32.5,137.7667,54.72,38,15,3.13
224,San Patricio,US,2021-10-08 17:14:54,28.017,-97.5169,86.88,45,0,5.17
225,Husavik,IS,2021-10-08 17:14:55,66.0449,-17.3389,45.88,82,77,5.19
226,Avera,US,2021-10-08 17:14:55,33.194,-82.5271,76.71,78,78,6.76
227,Meulaboh,ID,2021-10-08 17:14:56,4.1363,96.1285,77.83,86,100,1.88
228,Norman Wells,CA,2021-10-08 17:14:57,65.282,-126.8329,28.44,93,75,3.44
229,Praia,CV,2021-10-08 17:14:57,14.9215,-23.5087,88.34,58,40,14.97
230,Namatanai,PG,2021-10-08 17:14:58,-3.6667,152.4333,78.69,84,47,4.25
231,Egvekinot,RU,2021-10-08 17:11:25,66.3167,-179.1667,22.64,85,100,14.18
232,Corn Island,NI,2021-10-08 17:14:58,12.1694,-83.0418,83.26,78,96,15.99
233,Seoul,KR,2021-10-08 17:12:17,37.5683,126.9778,67.51,88,86,3.51
234,Tsumeb,NA,2021-10-08 17:14:59,-19.2333,17.7167,89.28,12,13,6.35
235,Gushikawa,JP,2021-10-08 17:15:00,26.3544,127.8686,79.83,78,1,6.91
236,Rocha,UY,2021-10-08 17:12:12,-34.4833,-54.3333,58.69,48,0,10.22
237,Luau,AO,2021-10-08 17:15:01,-10.7073,22.2247,82.74,27,36,4.18
238,Carballo,ES,2021-10-08 17:15:01,43.213,-8.691,74.08,79,10,2.53
239,Mattru,SL,2021-10-08 17:15:02,7.6244,-11.8332,81.27,86,97,3.96
240,Sheltozero,RU,2021-10-08 17:15:03,61.3667,35.3667,48.61,82,100,12.33
241,Sibu,MY,2021-10-08 17:15:04,2.3,111.8167,76.06,87,97,2.19
242,Nuuk,GL,2021-10-08 17:15:05,64.1835,-51.7216,38.01,41,20,4.61
243,Camalu,MX,2021-10-08 17:15:06,30.85,-116.0667,73.42,63,100,9.93
244,Poum,NC,2021-10-08 17:15:06,-20.2333,164.0167,71.92,74,60,12.55
245,Buraydah,SA,2021-10-08 17:15:07,26.326,43.975,84.92,16,0,12.28
246,Yuli,NG,2021-10-08 17:15:07,9.6989,10.2744,83.91,56,46,3.58
247,Bethel,US,2021-10-08 17:15:08,41.3712,-73.414,75.72,72,75,5.75
248,Prince George,CA,2021-10-08 17:13:43,53.9166,-122.753,37.62,90,95,5.95
249,Hasaki,JP,2021-10-08 17:15:08,35.7333,140.8333,68.4,87,12,8.34
250,Pisco,PE,2021-10-08 17:15:09,-13.7,-76.2167,68.05,73,0,8.05
251,Darovskoy,RU,2021-10-08 17:15:09,58.77,47.9564,42.15,73,83,6.64
252,Livenka,RU,2021-10-08 17:15:10,50.4491,38.2959,42.22,47,4,8.16
253,Issaquah,US,2021-10-08 17:15:10,47.5301,-122.0326,50.13,92,90,1.99
254,Sola,VU,2021-10-08 17:15:11,-13.8833,167.55,79.86,81,54,17.65
255,Port Alfred,ZA,2021-10-08 17:15:11,-33.5906,26.891,63.99,83,0,10.49
256,Ulladulla,AU,2021-10-08 17:15:12,-35.35,150.4667,58.87,77,45,8.05
257,Palmer,US,2021-10-08 17:15:12,42.1584,-72.3287,73.65,59,40,1.99
258,Alyangula,AU,2021-10-08 17:15:12,-13.8483,136.4192,77.45,81,90,6.87
259,College,US,2021-10-08 17:15:13,64.8569,-147.8028,35.91,90,75,5.75
260,Pitkyaranta,RU,2021-10-08 17:15:13,61.5734,31.4792,49.03,88,100,13.69
261,Marmande,FR,2021-10-08 17:15:14,44.5,0.1667,66.87,76,1,3.38
262,Chaozhou,CN,2021-10-08 17:15:14,23.6651,116.6379,76.51,91,100,7.65
263,Querecotillo,PE,2021-10-08 17:15:15,-4.8378,-80.6456,84.29,44,75,8.1
264,Amio,PH,2021-10-08 17:15:15,9.3571,122.9413,75.18,79,100,2.08
265,Hofn,IS,2021-10-08 17:15:15,64.2539,-15.2082,50.02,93,75,2.3
266,Pacific Grove,US,2021-10-08 17:15:16,36.6177,-121.9166,61.43,69,75,5.99
267,Riyadh,SA,2021-10-08 17:13:59,24.6877,46.7219,89.74,16,0,12.35
268,Moron,AR,2021-10-08 17:15:16,-34.6534,-58.6198,64.94,57,48,3.0
269,Ixtapa,MX,2021-10-08 17:15:17,20.7,-105.2,88.83,66,20,4.61
270,Vilcun,CL,2021-10-08 17:15:17,-38.65,-72.2333,57.94,49,16,5.39
271,Labuhan,ID,2021-10-08 17:15:18,-6.8844,112.2051,79.47,72,66,8.32
272,Lebu,CL,2021-10-08 17:15:18,-37.6167,-73.65,57.87,67,51,10.47
273,Rognan,NO,2021-10-08 17:15:18,67.0953,15.3878,51.94,92,100,7.52
274,Conceicao Da Barra,BR,2021-10-08 17:15:19,-18.5933,-39.7322,76.64,65,99,11.95
275,Phan Thiet,VN,2021-10-08 17:15:19,10.9333,108.1,77.34,91,100,8.41
276,Cherskiy,RU,2021-10-08 17:15:20,68.75,161.3,-4.65,100,72,3.47
277,Tezu,IN,2021-10-08 17:15:20,27.9167,96.1667,75.81,78,0,3.4
278,Almeria,ES,2021-10-08 17:15:21,37.1667,-2.3333,77.14,75,71,6.24
279,Tommot,RU,2021-10-08 17:15:21,58.9564,126.2925,31.44,97,97,4.36
280,Sakaiminato,JP,2021-10-08 17:10:44,35.55,133.2333,71.73,86,75,12.91
281,Lata,PT,2021-10-08 17:15:21,40.1629,-8.3327,83.05,49,0,5.59
282,Puerto Escondido,MX,2021-10-08 17:15:22,15.85,-97.0667,85.23,64,100,1.95
283,Fond Du Lac,US,2021-10-08 17:10:28,43.775,-88.4388,72.48,68,90,4.61
284,Ishigaki,JP,2021-10-08 17:15:22,24.3448,124.1572,82.6,74,32,18.16
285,Mount Gambier,AU,2021-10-08 17:15:23,-37.8333,140.7667,44.82,80,52,5.68
286,Ornskoldsvik,SE,2021-10-08 17:15:23,63.2909,18.7153,48.02,100,20,6.91
287,Airai,TL,2021-10-08 17:15:23,-8.9266,125.4092,59.97,67,74,2.1
288,Lazaro Cardenas,MX,2021-10-08 17:15:24,17.9583,-102.2,84.96,73,100,1.45
289,Locri,IT,2021-10-08 17:15:24,38.2414,16.2623,69.94,78,8,8.86
290,Raga,SS,2021-10-08 17:15:25,8.4596,25.678,82.81,49,93,3.78
291,Sarkand,KZ,2021-10-08 17:15:25,45.41,79.9186,38.32,48,0,5.08
292,Weiser,US,2021-10-08 17:15:26,44.251,-116.9693,60.03,65,100,3.33
293,Polunochnoye,RU,2021-10-08 17:15:26,60.8697,60.4153,44.78,70,100,15.61
294,Puri,IN,2021-10-08 17:15:27,19.8,85.85,86.38,77,25,8.37
295,Edd,ER,2021-10-08 17:15:27,13.9297,41.6925,88.21,67,36,9.19
296,Caravelas,BR,2021-10-08 17:15:27,-17.7125,-39.2481,76.21,79,71,12.39
297,Altay,CN,2021-10-08 17:15:28,47.8667,88.1167,25.25,55,0,7.2
298,Taltal,CL,2021-10-08 17:15:28,-25.4,-70.4833,61.39,67,3,8.9
299,Galesong,ID,2021-10-08 17:15:29,-5.3166,119.3661,77.02,72,59,10.71
300,Zhigansk,RU,2021-10-08 17:15:29,66.7697,123.3711,23.9,81,100,19.35
301,Vila Franca Do Campo,PT,2021-10-08 17:15:29,37.7167,-25.4333,72.01,67,13,3.09
302,Kamina,CD,2021-10-08 17:15:30,-8.7386,24.9906,77.85,31,45,3.58
303,Ortigueira,BR,2021-10-08 17:15:30,-24.2083,-50.9494,78.33,53,52,3.67
304,Lamu,KE,2021-10-08 17:15:31,-2.2717,40.902,78.37,79,13,15.03
305,Zhanakorgan,KZ,2021-10-08 17:15:31,43.9098,67.2495,55.13,29,100,2.21
306,Roald,NO,2021-10-08 17:15:31,62.5833,6.1333,59.9,94,90,5.75
307,Lorengau,PG,2021-10-08 17:15:32,-2.0226,147.2712,80.94,73,46,5.99
308,Quang Ngai,VN,2021-10-08 17:15:32,15.1167,108.8,76.82,88,100,4.92
309,Krasnyy Chikoy,RU,2021-10-08 17:15:33,50.3643,108.7512,35.28,77,100,5.61
310,Talant,FR,2021-10-08 17:15:33,47.3369,5.0089,59.61,72,75,5.75
311,La Baule-Escoublac,FR,2021-10-08 17:15:33,47.2922,-2.364,66.15,63,0,8.05
312,Severo-Kurilsk,RU,2021-10-08 17:15:34,50.6789,156.125,43.86,85,98,5.64
313,Capreol,CA,2021-10-08 17:15:34,46.706,-80.9225,68.92,62,75,1.01
314,Visby,SE,2021-10-08 17:15:35,57.6409,18.296,50.86,100,90,8.05
315,Santiago Del Estero,AR,2021-10-08 17:15:35,-27.7951,-64.2615,86.97,31,11,9.84
316,Lujan,AR,2021-10-08 17:15:36,-34.5703,-59.105,66.02,51,51,3.0
317,Beloha,MG,2021-10-08 17:15:36,-25.1667,45.05,65.71,60,11,20.58
318,Takoradi,GH,2021-10-08 17:15:36,4.8845,-1.7554,80.58,81,99,9.86
319,Asau,RO,2021-10-08 17:15:37,46.4333,26.4,46.96,43,100,7.58
320,Lanja,IN,2021-10-08 17:15:37,16.85,73.55,74.88,97,100,2.75
321,Taonan,CN,2021-10-08 17:15:37,45.3333,122.7833,51.42,60,100,7.38
322,Alekseyevsk,RU,2021-10-08 17:15:38,57.8406,108.3492,34.07,98,100,8.37
323,San Cristobal,VE,2021-10-08 17:15:38,7.7669,-72.225,80.78,59,84,7.0
324,Limerick,IE,2021-10-08 17:15:39,52.6647,-8.6231,62.55,81,100,12.57
325,Lavrentiya,RU,2021-10-08 17:15:39,65.5833,-171.0,34.5,97,100,19.75
326,Vikhorevka,RU,2021-10-08 17:15:40,56.1201,101.1636,35.19,97,100,9.13
327,Ancud,CL,2021-10-08 17:15:40,-41.8697,-73.8203,56.73,72,19,6.71
328,Vaitape,PF,2021-10-08 17:15:41,-16.5167,-151.75,77.74,72,93,5.23
329,Kalmar,SE,2021-10-08 17:15:41,56.6616,16.3616,50.14,98,75,0.0
330,Amapa,BR,2021-10-08 17:15:42,1.0,-52.0,98.67,28,55,4.74
331,Barabinsk,RU,2021-10-08 17:15:42,55.3571,78.357,42.82,73,84,10.33
332,Issoire,FR,2021-10-08 17:12:20,45.55,3.25,54.66,80,92,7.11
333,Thames,NZ,2021-10-08 17:15:43,-37.1333,175.5333,59.09,96,38,2.66
334,Kaitangata,NZ,2021-10-08 17:15:43,-46.2817,169.8464,48.25,97,99,5.53
335,Guerrero Negro,MX,2021-10-08 17:15:44,27.9769,-114.0611,75.87,60,55,14.27
336,Saint-Pierre,RE,2021-10-08 17:15:44,-21.3393,55.4781,71.28,80,75,12.66
337,Hirara,JP,2021-10-08 17:15:44,24.8,125.2833,81.72,76,63,19.24
338,Mount Isa,AU,2021-10-08 17:15:45,-20.7333,139.5,69.57,30,34,1.14
339,Marzuq,YE,2021-10-08 17:15:45,14.4,46.4667,75.02,63,99,1.36
340,Shaoyang,CN,2021-10-08 17:15:46,27.2315,111.4525,66.7,75,100,5.5
341,Makokou,GA,2021-10-08 17:15:46,0.5738,12.8642,74.25,95,100,1.07
342,Ballina,AU,2021-10-08 17:15:47,-28.8667,153.5667,64.58,85,96,4.61
343,Margate,GB,2021-10-08 17:13:31,51.3813,1.3862,61.03,78,19,1.99
344,Odweyne,SO,2021-10-08 17:15:48,9.4092,45.064,80.02,53,36,7.61
345,Bay Roberts,CA,2021-10-08 17:14:54,47.5999,-53.2648,47.03,81,100,10.0
346,Shasta Lake,US,2021-10-08 17:15:48,40.6804,-122.3708,63.36,57,37,4.0
347,Mapastepec,MX,2021-10-08 17:15:49,15.4333,-92.9,88.02,62,100,3.29
348,Boende,CD,2021-10-08 17:15:49,-0.2167,20.8667,77.32,79,81,3.96
349,Korampallam,IN,2021-10-08 17:15:50,8.7667,78.1,83.53,67,99,14.23
350,Mersing,MY,2021-10-08 17:15:50,2.4312,103.8405,80.51,89,11,5.75
351,Maarianhamina,AX,2021-10-08 17:15:50,60.0973,19.9348,53.46,94,0,11.5
352,Kavieng,PG,2021-10-08 17:15:51,-2.5744,150.7967,81.61,76,96,4.68
353,Vulcan,RO,2021-10-08 17:15:51,45.3833,23.2667,43.48,64,100,2.8
354,La Sarre,CA,2021-10-08 17:15:44,48.8002,-79.1996,68.58,51,6,5.84
355,Kothi,IN,2021-10-08 17:15:52,24.75,80.7833,78.93,50,0,5.91
356,Nikel,RU,2021-10-08 17:15:52,69.4128,30.222,33.98,81,100,3.44
357,Porto Novo,BJ,2021-10-08 17:15:53,6.4965,2.6036,84.02,74,76,6.35
358,Soyo,AO,2021-10-08 17:13:18,-6.1349,12.3689,78.26,80,78,11.83
359,Tilichiki,RU,2021-10-08 17:15:53,60.4667,166.1,24.84,75,25,4.59
360,Barra Dos Coqueiros,BR,2021-10-08 17:15:54,-10.9089,-37.0386,82.42,69,20,12.66
361,Gavle,SE,2021-10-08 17:15:54,60.6745,17.1417,58.5,85,100,1.99
362,Gusau,NG,2021-10-08 17:15:54,12.1628,6.6614,89.58,32,39,4.05
363,Tucuman,AR,2021-10-08 17:15:55,-26.8241,-65.2226,80.6,34,20,6.91
364,Waipawa,NZ,2021-10-08 17:15:55,-41.4122,175.5153,54.23,71,95,14.56
365,Maiduguri,NG,2021-10-08 17:11:50,11.8464,13.1603,87.49,23,55,7.74
366,Cedar City,US,2021-10-08 17:14:06,37.6775,-113.0619,50.97,76,90,20.71
367,Kalnciems,LV,2021-10-08 17:15:56,56.8011,23.6097,39.25,57,4,5.26
368,Inuvik,CA,2021-10-08 17:15:57,68.3499,-133.7218,29.26,93,90,2.3
369,Portland,US,2021-10-08 17:12:59,45.5234,-122.6762,52.59,87,75,1.01
370,Kalmunai,LK,2021-10-08 17:15:57,7.4167,81.8167,81.88,73,86,7.31
371,Ilulissat,GL,2021-10-08 17:11:41,69.2167,-51.1,28.42,46,1,5.75
372,Mvuma,ZW,2021-10-08 17:15:58,-19.2792,30.5283,75.31,37,65,3.13
373,Kapuskasing,CA,2021-10-08 17:15:02,49.4169,-82.4331,67.98,55,71,4.88
374,Askino,RU,2021-10-08 17:15:59,56.0901,56.5783,38.46,68,7,6.69
375,Russell,US,2021-10-08 17:15:26,32.3502,-85.1999,82.0,69,40,4.61
376,Kholodnyy,RU,2021-10-08 17:15:59,62.7167,147.95,4.68,99,84,1.3
377,Cabral,DO,2021-10-08 17:16:00,18.25,-71.2167,91.26,58,40,17.27
378,Chissamba,AO,2021-10-08 17:16:00,-12.1667,17.3333,82.89,23,82,3.8
379,Maryville,US,2021-10-08 17:16:01,35.7565,-83.9705,76.26,89,75,0.0
380,Nikolayevsk-Na-Amure,RU,2021-10-08 17:16:01,53.1406,140.73,32.5,77,15,5.12
381,Pervomayskoye,RU,2021-10-08 17:16:02,43.919,46.7102,49.86,62,91,13.38
382,Belmonte,BR,2021-10-08 17:16:02,-15.8631,-38.8828,86.0,63,33,7.34
383,Narsaq,GL,2021-10-08 17:16:03,60.9167,-46.05,48.42,40,73,3.0
384,Pangody,RU,2021-10-08 17:16:03,65.85,74.4859,41.43,95,100,15.26
385,Ossora,RU,2021-10-08 17:16:04,59.2353,163.0719,30.63,69,55,6.29
386,Shache,CN,2021-10-08 17:16:04,38.4167,77.2406,58.14,24,99,13.13
387,High Level,CA,2021-10-08 17:16:05,58.5169,-117.136,35.71,80,40,4.61
388,Komsomolskiy,UZ,2021-10-08 17:16:05,40.4272,71.7189,59.72,58,49,2.3
389,Ajaccio,FR,2021-10-08 17:16:05,42.0,8.9167,64.38,43,90,4.61
390,Petropavlovsk-Kamchatskiy,RU,2021-10-08 17:16:06,53.0452,158.6483,28.99,69,0,6.71
391,Dengzhou,CN,2021-10-08 17:16:06,37.8086,120.7508,64.6,87,85,7.25
392,Mayo,US,2021-10-08 17:16:07,38.8876,-76.5119,79.12,63,1,4.0
393,Saint-Junien,FR,2021-10-08 17:16:07,45.8833,0.9,61.74,63,0,6.24
394,Emba,KZ,2021-10-08 17:16:08,48.8264,58.1442,46.04,47,25,6.08
395,Elat,IL,2021-10-08 17:16:08,29.5581,34.9482,87.64,35,0,11.5
396,Hamilton,US,2021-10-08 17:16:09,39.1834,-84.5333,78.22,75,75,1.99
397,Torres Novas,PT,2021-10-08 17:16:09,39.4811,-8.5395,84.76,67,0,9.8
398,Coihaique,CL,2021-10-08 17:16:10,-45.5752,-72.0662,61.41,51,40,6.91
399,Udachnyy,RU,2021-10-08 17:16:10,66.4167,112.4,33.13,84,100,18.05
400,Sultepec,MX,2021-10-08 17:16:11,18.8667,-99.95,75.09,57,86,3.4
401,Ust-Kut,RU,2021-10-08 17:16:11,56.7938,105.7672,34.05,94,100,6.29
402,Tucumcari,US,2021-10-08 17:16:11,35.1717,-103.725,81.95,24,1,10.36
403,Maracacume,BR,2021-10-08 17:11:15,-2.0428,-45.9592,90.7,48,78,7.63
404,Ahipara,NZ,2021-10-08 17:16:12,-35.1667,173.1667,57.54,95,100,8.14
405,Clearwater,US,2021-10-08 17:13:59,27.9659,-82.8001,90.21,72,75,8.01
406,Milledgeville,US,2021-10-08 17:11:43,33.0801,-83.2321,80.94,92,100,2.53
407,Ovre Ardal,NO,2021-10-08 17:16:13,61.3167,7.8,52.68,97,100,1.74
408,Muros,ES,2021-10-08 17:16:13,42.7762,-9.0603,80.69,80,12,5.84
409,Salalah,OM,2021-10-08 17:16:14,17.0151,54.0924,82.49,78,0,2.3
410,Zarate,AR,2021-10-08 17:16:15,-34.0981,-59.0286,66.04,38,82,5.91
411,Chapais,CA,2021-10-08 17:16:15,49.7834,-74.8492,65.98,59,12,5.01
412,Weinan,CN,2021-10-08 17:16:16,34.5036,109.5089,58.69,88,96,4.92
413,Katangli,RU,2021-10-08 17:16:16,51.7102,143.2326,35.29,81,2,11.18
414,Yura,PE,2021-10-08 17:16:17,-16.2522,-71.6797,66.72,32,40,10.36
415,Merauke,ID,2021-10-08 17:16:17,-8.4667,140.3333,77.92,89,89,9.37
416,Mega,ET,2021-10-08 17:16:17,4.05,38.3,71.83,43,98,12.3
417,Faya,SA,2021-10-08 17:16:18,18.3851,42.4509,72.12,52,98,9.42
418,Ubatuba,BR,2021-10-08 17:16:18,-23.4339,-45.0711,81.93,84,92,5.68
419,Iranshahr,IR,2021-10-08 17:16:19,27.2025,60.6848,93.54,11,0,6.91
420,Yumen,CN,2021-10-08 17:16:19,40.2833,97.2,34.14,51,15,18.34
421,Togur,RU,2021-10-08 17:16:20,58.3631,82.8265,42.51,83,99,10.94
422,Laguna,US,2021-10-08 17:16:20,38.421,-121.4238,62.92,70,90,5.01
423,Vakhtan,RU,2021-10-08 17:16:20,57.9659,46.6889,40.82,73,45,6.06
424,Mehriz,IR,2021-10-08 17:16:21,31.5917,54.4318,68.5,37,0,2.8
425,Nakusp,CA,2021-10-08 17:16:21,50.2499,-117.8023,41.34,81,5,1.14
426,Port Hedland,AU,2021-10-08 17:16:22,-20.3167,118.5667,69.85,88,0,9.22
427,Walvis Bay,NA,2021-10-08 17:16:22,-22.9575,14.5053,59.95,72,0,13.8
428,Faanui,PF,2021-10-08 17:16:23,-16.4833,-151.75,77.76,72,91,5.28
429,Kidal,ML,2021-10-08 17:16:23,18.4411,1.4078,97.63,8,1,12.33
430,Lock Haven,US,2021-10-08 17:16:24,41.137,-77.4469,76.62,76,73,4.32
431,Gashua,NG,2021-10-08 17:16:24,12.871,11.0482,93.74,14,97,6.04
432,La Ronge,CA,2021-10-08 17:15:45,55.1001,-105.2842,53.85,37,1,8.05
433,Mirnyy,RU,2021-10-08 17:16:25,62.5353,113.9611,32.22,96,100,8.93
434,Isla Mujeres,MX,2021-10-08 17:16:25,21.2311,-86.731,86.16,67,100,6.6
435,Plettenberg Bay,ZA,2021-10-08 17:16:26,-34.0527,23.3716,60.69,83,68,5.75
436,Bajil,YE,2021-10-08 17:16:26,15.0584,43.2851,80.1,70,79,18.66
437,Srednekolymsk,RU,2021-10-08 17:16:27,67.45,153.6833,7.81,92,34,2.8
438,Blessington,IE,2021-10-08 17:16:27,53.17,-6.5325,61.61,83,75,13.8
439,Coquimbo,CL,2021-10-08 17:16:28,-29.9533,-71.3436,62.33,55,20,14.97
440,Lincoln,US,2021-10-08 17:16:28,40.8,-96.667,80.65,58,1,1.01
441,Ambilobe,MG,2021-10-08 17:16:28,-13.2,49.05,77.41,64,95,6.71
442,Algeciras,ES,2021-10-08 17:16:29,36.1333,-5.4505,74.97,88,20,4.61
443,Kungurtug,RU,2021-10-08 17:16:29,50.5994,97.5228,21.99,90,45,2.19
444,Arcata,US,2021-10-08 17:12:42,40.8665,-124.0828,57.63,79,90,6.91
445,Jaumave,MX,2021-10-08 17:16:30,23.4167,-99.3833,77.95,37,0,2.89
446,Iquique,CL,2021-10-08 17:16:30,-20.2208,-70.1431,64.44,70,83,11.25
447,Aitape,PG,2021-10-08 17:16:31,-3.1374,142.3475,80.42,86,79,6.98
448,Khovu-Aksy,RU,2021-10-08 17:16:31,51.1333,93.6,23.41,77,44,4.36
449,Dzhebariki-Khaya,RU,2021-10-08 17:16:32,62.2167,135.8,30.07,95,100,7.25
450,Sao Bernardo,BR,2021-10-08 17:16:33,-3.3614,-42.4178,101.7,26,70,2.51
451,Pimentel,PE,2021-10-08 17:16:33,-6.8367,-79.9342,71.89,60,0,17.27
452,Alihe,CN,2021-10-08 17:16:33,50.5667,123.7167,41.38,74,99,1.43
453,Longido,TZ,2021-10-08 17:16:34,-2.7333,36.6833,76.75,42,58,12.66
454,Krivosheino,RU,2021-10-08 17:16:34,57.3431,83.9261,44.8,83,100,11.59
455,Tirumullaivasal,IN,2021-10-08 17:16:35,11.2333,79.8333,82.54,80,100,16.82
456,Rehoboth,NA,2021-10-08 17:16:35,-23.3167,17.0833,76.26,6,0,13.44
457,Massaguet,TD,2021-10-08 17:16:36,12.4755,15.4365,93.24,16,81,3.04
458,Ust-Nera,RU,2021-10-08 17:16:36,64.5667,143.2,22.96,94,97,5.57
459,Fonte Boa,BR,2021-10-08 17:16:36,-2.4959,-66.2662,75.85,96,100,2.57
460,Mizan Teferi,ET,2021-10-08 17:16:37,6.9833,35.5833,62.73,97,87,2.3
461,Jiangyou,CN,2021-10-08 17:16:37,31.7667,104.7167,63.97,89,100,2.35
462,Ilula,TZ,2021-10-08 17:16:38,-7.6766,36.0366,68.27,62,33,8.5
463,Tigil,RU,2021-10-08 17:16:38,57.8,158.6667,30.33,92,42,8.55
464,Tautira,PF,2021-10-08 17:16:38,-17.7333,-149.15,77.02,76,46,4.16
465,Talas,TR,2021-10-08 17:16:39,38.6908,35.5538,54.27,47,0,4.61
466,Guarapari,BR,2021-10-08 17:16:39,-20.6667,-40.4975,69.69,72,96,8.46
467,Tahta,EG,2021-10-08 17:16:40,26.7693,31.5021,84.52,26,0,8.63
468,Urumqi,CN,2021-10-08 17:14:03,43.801,87.6005,36.55,65,0,2.24
469,Sitka,US,2021-10-08 17:16:41,57.0531,-135.33,46.29,87,90,11.5
470,Gorontalo,ID,2021-10-08 17:16:41,0.5412,123.0595,75.85,93,100,2.55
471,Banjar,ID,2021-10-08 17:16:42,-8.19,114.9675,78.66,89,68,8.25
472,Guaruja,BR,2021-10-08 17:16:42,-23.9931,-46.2564,82.0,47,90,8.05
473,Dingle,PH,2021-10-08 17:16:42,10.9995,122.6711,73.81,92,100,2.68
474,Aleksandro-Nevskiy,RU,2021-10-08 17:16:43,53.4751,40.2095,40.28,62,0,3.38
475,Boyolangu,ID,2021-10-08 17:16:43,-8.1181,111.8935,73.26,90,87,3.44
476,Vila Velha,BR,2021-10-08 17:16:44,-20.3297,-40.2925,69.75,83,90,8.05
477,Nioro,GM,2021-10-08 17:16:44,13.35,-15.75,92.61,54,85,4.09
478,Resistencia,AR,2021-10-08 17:12:39,-27.4606,-58.9839,77.09,63,75,4.61
479,Lashio,MM,2021-10-08 17:16:45,22.9333,97.75,68.07,98,1,0.56
480,Lima,PE,2021-10-08 17:15:09,-12.0432,-77.0282,62.13,82,90,5.75
481,Morehead,US,2021-10-08 17:16:46,37.2711,-87.1764,79.11,64,75,4.61
482,Nagua,DO,2021-10-08 17:16:46,19.3832,-69.8474,92.44,74,40,9.22
483,Serenje,ZM,2021-10-08 17:16:46,-13.2325,30.2352,72.05,36,65,4.45
484,Amahai,ID,2021-10-08 17:16:47,-3.3333,128.9167,78.37,89,98,3.51
485,Arlit,NE,2021-10-08 17:16:47,18.7369,7.3853,94.24,9,0,6.26
486,Old Shinyanga,TZ,2021-10-08 17:16:48,-3.55,33.4,86.86,23,18,0.89
487,Redding,US,2021-10-08 17:11:48,40.5865,-122.3917,62.2,60,1,1.01
488,Mbandaka,CD,2021-10-08 17:16:48,0.0487,18.2603,78.84,76,73,3.85
489,Honiara,SB,2021-10-08 17:16:49,-9.4333,159.95,78.06,88,100,5.79
490,San Quintin,MX,2021-10-08 17:16:49,30.4833,-115.95,72.01,67,97,14.56
491,Wells,GB,2021-10-08 17:15:43,51.2079,-2.649,62.78,88,82,3.58
492,Xichang,CN,2021-10-08 17:16:50,27.8964,102.2634,63.28,91,8,2.42
493,Minot,US,2021-10-08 17:16:50,48.2325,-101.2963,61.83,59,75,5.99
494,Erenhot,CN,2021-10-08 17:16:51,43.6475,111.9767,55.44,60,88,18.75
495,Harlingen,US,2021-10-08 17:16:51,26.1906,-97.6961,87.71,53,1,8.05
496,Zyryanka,RU,2021-10-08 17:16:52,65.75,150.85,15.51,84,20,5.59
497,Novikovo,RU,2021-10-08 17:16:52,51.1537,37.8879,42.55,51,25,7.2
498,Kuytun,RU,2021-10-08 17:16:52,54.3419,101.5036,35.46,80,100,10.98
499,Gazli,UZ,2021-10-08 17:16:53,40.1333,63.45,53.33,18,34,10.07
500,Rawson,AR,2021-10-08 17:16:53,-43.3002,-65.1023,74.89,18,0,17.98
501,Rankweil,AT,2021-10-08 17:16:54,47.2764,9.6303,58.35,74,78,4.0
502,Mahibadhoo,MV,2021-10-08 17:16:54,3.7833,72.9667,83.59,78,68,15.84
503,Lengshuitan,CN,2021-10-08 17:16:55,26.4111,111.5956,67.28,81,100,6.6
504,Apodi,BR,2021-10-08 17:16:55,-5.6642,-37.7989,100.4,25,74,7.81
505,Balkanabat,TM,2021-10-08 17:16:56,39.5108,54.3671,59.11,20,50,5.21
506,Saint-Augustin,CA,2021-10-08 17:16:56,51.226,-58.6502,48.02,54,71,12.19
507,Kondinskoye,RU,2021-10-08 17:16:57,59.6481,67.41,45.97,58,21,17.16
508,Port Macquarie,AU,2021-10-08 17:16:57,-31.4333,152.9167,56.89,92,50,5.86
509,Yerofey Pavlovich,RU,2021-10-08 17:16:58,53.9667,121.9667,29.91,76,26,1.5
510,Jaypur,IN,2021-10-08 17:16:58,18.85,82.5833,73.72,87,2,2.39
511,Tres Barras,BR,2021-10-08 17:16:59,-26.1064,-50.3222,61.61,83,100,1.68
512,Sorong,ID,2021-10-08 17:16:59,-0.8833,131.25,79.32,88,71,7.54
513,Anadyr,RU,2021-10-08 17:16:59,64.75,177.4833,30.7,92,40,8.01
514,Bologoye,RU,2021-10-08 17:17:00,57.8799,34.1068,40.24,71,93,4.72
515,Sokoni,TZ,2021-10-08 17:17:00,-6.4333,39.55,78.46,77,4,15.93
516,Hit,IQ,2021-10-08 17:17:01,33.6416,42.8251,80.15,14,0,7.23
517,Bairiki,KI,2021-10-08 17:17:02,1.3292,172.9752,80.6,78,40,11.5
518,Beihai,CN,2021-10-08 17:17:02,21.4833,109.1,76.28,89,100,24.07
519,Podosinovets,RU,2021-10-08 17:17:03,60.2776,47.0659,43.25,89,76,6.82
520,Basco,PH,2021-10-08 17:17:03,20.4487,121.9702,82.38,82,100,14.61
521,Lahad Datu,MY,2021-10-08 17:17:04,5.0268,118.327,75.38,95,96,3.69
522,Sao Filipe,CV,2021-10-08 17:17:04,14.8961,-24.4956,80.87,76,3,11.74
523,Gap,FR,2021-10-08 17:17:04,44.6667,6.0,36.07,71,3,1.52
524,Abha,SA,2021-10-08 17:17:05,18.2164,42.5053,71.85,35,20,13.8
525,Streator,US,2021-10-08 17:17:05,41.1209,-88.8354,74.44,87,31,7.47
526,Port Keats,AU,2021-10-08 17:17:06,-14.25,129.55,79.92,83,43,7.14
527,Riberalta,BO,2021-10-08 17:17:06,-10.9833,-66.1,93.4,52,75,6.91
528,Bossangoa,CF,2021-10-08 17:17:07,6.4926,17.4552,75.43,92,97,3.51
529,Qui Nhon,VN,2021-10-08 17:17:07,13.7667,109.2333,81.48,77,100,10.89
530,Brae,GB,2021-10-08 17:17:07,60.3964,-1.353,53.51,97,98,8.93
531,Carutapera,BR,2021-10-08 17:17:08,-1.195,-46.02,89.47,54,90,8.84
532,Cabo San Lucas,MX,2021-10-08 17:13:50,22.8909,-109.9124,93.51,45,1,1.01
533,Saldanha,ZA,2021-10-08 17:17:08,-33.0117,17.9442,60.85,82,88,7.58
534,Jumla,NP,2021-10-08 17:17:09,29.2747,82.1838,57.83,89,67,2.19
535,Santa Vitoria Do Palmar,BR,2021-10-08 17:17:09,-33.5189,-53.3681,60.15,47,11,10.76
536,Peleduy,RU,2021-10-08 17:17:10,59.6289,112.7406,34.57,98,100,9.75
537,Byron Bay,AU,2021-10-08 17:17:10,-28.65,153.6167,64.51,84,94,4.36
538,Merrill,US,2021-10-08 17:17:10,45.1805,-89.6835,67.77,82,90,3.44
539,Miguel Calmon,BR,2021-10-08 17:17:11,-11.4289,-40.595,92.98,23,35,10.0
540,Jinchang,CN,2021-10-08 17:17:11,38.4953,102.1739,43.45,39,90,19.8
541,Celestun,MX,2021-10-08 17:17:12,20.8667,-90.4,86.27,62,100,2.73
542,Atar,MR,2021-10-08 17:17:12,20.5169,-13.0499,104.99,5,100,11.18
543,Uruacu,BR,2021-10-08 17:17:12,-14.5247,-49.1408,99.16,21,95,3.4
544,Bereda,ES,2021-10-08 17:17:13,43.2686,-7.5406,71.58,79,3,4.65
545,Doka,SD,2021-10-08 17:17:13,13.5167,35.7667,80.74,63,34,4.74
546,Maniitsoq,GL,2021-10-08 17:17:14,65.4167,-52.9,34.83,48,3,1.36
547,Roebourne,AU,2021-10-08 17:17:14,-20.7833,117.1333,74.98,47,0,10.0
548,Ayutla,MX,2021-10-08 17:17:15,20.1167,-104.3333,77.81,46,63,5.77
549,Martin,US,2021-10-08 17:17:15,27.0837,-80.4164,92.97,64,97,3.38
550,Katobu,ID,2021-10-08 17:17:16,-4.9408,122.5276,77.31,82,94,2.68
551,Kenai,US,2021-10-08 17:17:16,60.5544,-151.2583,40.14,96,90,3.44
552,Dunedin,NZ,2021-10-08 17:17:16,-45.8742,170.5036,52.81,74,94,11.01
553,Bandarbeyla,SO,2021-10-08 17:17:17,9.4942,50.8122,79.03,82,81,15.23
554,Aasiaat,GL,2021-10-08 17:17:17,68.7098,-52.8699,16.68,74,32,5.3
555,Chicama,PE,2021-10-08 17:17:18,-7.8447,-79.1469,63.14,68,99,10.92
556,Piacabucu,BR,2021-10-08 17:17:18,-10.4056,-36.4344,82.54,60,88,10.51
557,Camacha,PT,2021-10-08 17:17:18,33.0833,-16.3333,74.53,68,40,14.97
558,Ngunguru,NZ,2021-10-08 17:17:19,-35.6167,174.5,48.16,90,57,6.35
559,Bilma,NE,2021-10-08 17:17:19,18.6853,12.9164,88.83,14,16,3.89
560,Cockburn Town,TC,2021-10-08 17:14:55,21.4612,-71.1419,82.31,76,9,10.56
561,Sainte-Anne,GP,2021-10-08 17:17:20,16.2333,-61.3667,87.84,66,90,12.66
562,Singkang,MY,2021-10-08 17:17:20,2.1006,102.7994,80.49,86,34,2.3
563,Sayyan,YE,2021-10-08 17:17:20,15.1718,44.3244,64.9,56,83,10.85
564,Leh,IN,2021-10-08 17:17:21,34.1667,77.5833,50.76,23,0,4.25
565,Channel-Port Aux Basques,CA,2021-10-08 17:15:44,47.5702,-59.1367,50.22,62,21,27.38
566,Kavaratti,IN,2021-10-08 17:13:02,10.5669,72.642,82.24,80,61,15.01
567,Assiniboia,CA,2021-10-08 17:17:22,49.6334,-105.9845,57.11,58,47,4.61
568,Aripuana,BR,2021-10-08 17:17:22,-9.1667,-60.6333,95.32,41,76,3.11
569,Cartagena,CO,2021-10-08 17:15:40,10.3997,-75.5144,85.62,74,40,17.27
570,Carmen,MX,2021-10-08 17:17:23,18.6333,-91.8333,86.04,70,75,9.22
571,Nishihara,JP,2021-10-08 17:17:23,26.1842,127.7558,79.88,70,20,8.05
572,Lompoc,US,2021-10-08 17:17:24,34.6391,-120.4579,65.57,73,75,9.22
573,Atasu,KZ,2021-10-08 17:17:24,48.6814,71.6433,40.55,68,1,8.28
574,Blackwater,AU,2021-10-08 17:17:25,-23.5833,148.8833,65.89,64,7,10.47
575,Itimadpur,IN,2021-10-08 17:17:25,27.25,78.2,83.1,41,0,4.38
576,Rocky Mount,US,2021-10-08 17:17:25,35.9382,-77.7905,78.51,73,90,6.91
577,Nador,MA,2021-10-08 17:17:26,35.174,-2.9287,75.27,78,40,5.75
578,Camalobalo,PH,2021-10-08 17:17:27,10.2731,122.9505,75.24,83,100,4.59
579,Lahaina,US,2021-10-08 17:17:01,20.8783,-156.6825,76.75,84,83,13.65
580,Yerbogachen,RU,2021-10-08 17:17:27,61.2767,108.0108,34.72,92,100,12.06
581,Andapa,MG,2021-10-08 17:17:28,-14.65,49.65,64.85,99,100,1.92
582,Guiyang,CN,2021-10-08 17:17:28,26.5833,106.7167,63.09,82,90,6.71
583,Marawi,PH,2021-10-08 17:17:28,7.9986,124.2928,66.65,95,100,2.46
584,Socorro,US,2021-10-08 17:17:13,31.6546,-106.3033,84.38,27,75,5.75
585,Yulara,AU,2021-10-08 17:17:29,-25.2406,130.9889,73.24,28,82,6.91
586,Campbell River,CA,2021-10-08 17:15:44,50.0163,-125.2446,50.72,98,90,2.3
587,Jackson,US,2021-10-08 17:17:30,42.4165,-122.8345,51.04,81,75,0.0
588,Kladovo,RS,2021-10-08 17:17:30,44.6067,22.6119,48.51,90,100,5.66
589,Mandalgovi,MN,2021-10-08 17:17:31,45.7625,106.2708,33.87,96,100,14.41
590,Leningradskiy,RU,2021-10-08 17:17:31,69.3833,178.4167,24.1,97,100,2.39
